"name","category","tags","url","github","description"
"Appsmith","app-builder","app-development, low-code, office","appsmith.com","appsmithorg/appsmith","Platform to build admin panels, internal tools, and dashboards. Integrates with 25+ databases and any API."
"LowCoder","app-builder","low-code, app-development","lowcoder.dev","lowcoder-org/lowcoder","Low-code platform for building internal tools."
"Nocobase","app-builder","low-code, app-development","nocobase.com","nocobase/nocobase","Scalability-first, open-source no-code/low-code platform."
"Supabase","app-builder","low-code, app-development","supabase.com","supabase/supabase","The open source Firebase alternative."
"Baserow","app-builder","low-code, app-development, office","baserow.io","baserow/baserow","Open source no-code database tool and Airtable alternative."
"Cockpit","app-deployment","infrastructure, devsecops, app-development","cockpit-project.org","cockpit-project/cockpit","Web-based graphical interface for managing Linux servers."
"Jenkins","app-deployment","infrastructure, devsecops, app-development","jenkins.io","jenkinsci/jenkins","Open source automation server."
"ArgoCD","app-deployment","infrastructure, devsecops, app-development","argoproj.github.io/cd","argoproj/argo-cd","Declarative continuous deployment for Kubernetes."
"GlitchTip","app-monitoring","app-development","glitchtip.com","glitchtip/glitchtip","Open-source error tracking platform."
"Authentik","app-security","infrastructure, app-development","goauthentik.io","goauthentik/authentik","The authentication glue you need. Open-source Identity Provider (IdP) for modern Single Sign-On (SSO)."
"Cap Captcha",app-security,"app-development",trycap.dev,tiagozip/cap,"Free, open-source, and self-hosted CAPTCHA alternative designed for the modern web."
"Faraday","app-security","devsecops, infrastructure","faradaysec.com","infobyte/faraday","Open-source Vulnerability Management Platform."
"Infisical","app-security","devsecops, infrastructure","infisical.com","Infisical/infisical","Open source secret management platform."
"Keycloak","app-security","app-development, infrastructure","keycloak.org","keycloak/keycloak","Open Source Identity and Access Management."
"LogTo","app-security","app-development, infrastructure","logto.io","logto-io/logto","Logto helps you build the sign-in, auth, and user identity."
"Passbolt","app-security","team-collaboration, office","passbolt.com","passbolt/passbolt_api","Open source password manager for teams."
"Vaultwarden","app-security","team-collaboration, office",,"dani-garcia/vaultwarden","Unofficial Bitwarden compatible server written in Rust."
"Pocket Id","app-security","app-development, infrastructure","pocket-id.org","pocket-id/pocket-id","A simple and easy-to-use OIDC provider that allows users to authenticate with their passkeys to your services."
"SuperTokens","app-security","app-development, infrastructure","supertokens.com","supertokens/supertokens-core","Open source alternative to Auth0 / Firebase Auth / AWS Cognito."
"Authelia","app-security","app-development, infrastructure","authelia.com","authelia/authelia","The Single Sign-On Multi-Factor portal for web apps."
"Psono","app-security","team-collaboration, office","psono.com","psono/psono-server","Open source password manager for teams."
"LLDAP","app-security","infrastructure, team-collaboration, office",,"lldap/lldap","Light LDAP implementation."
"MITM Proxy","app-security","app-development","mitmproxy.org","mitmproxy/mitmproxy","An interactive TLS-capable intercepting HTTP proxy."
"TinyAuth","app-security","app-development",tinyauth.app,steveiliop56/tinyauth,"Tinyauth is a tiny OpenID Connect (OIDC) authentication and authorization server for your self-hosted applications."
"Databasus","backup","infrastructure","databasus.com","databasus/databasus","Open-source, self-hosted database backup and management tool with a modern web interface."
"Sequin Stream","backup","infrastructure, app-development","sequinstream.com","sequin-io/sequin","Real-time sync for Postgres."
"Backrest","backup","infrastructure",,"garethgeorge/backrest","Web UI and orchestrator for restic backup."
"Duplicati","backup","infrastructure","duplicati.com","duplicati/duplicati","Free backup software to store encrypted backups online."
"ZeroByte","backup","infrastructure","zerobyte.app","nicotsx/zerobyte","Backup automation for self-hosters. Built on top of restic"
"Invoice Ninja","billing","office","invoiceninja.com","invoiceninja/invoiceninja","Free open-source invoicing and billing."
"Paymenter","billing","infrastructure","paymenter.org","paymenter/paymenter","Paymenter is an open source payment gateway for your hosting."
"Directus","cms","app-development, low-code","directus.io","directus/directus","The flexible backend for all your projects. Turn your DB into a headless CMS, admin panels, or apps."
"Ghost","cms","office, content","ghost.org","TryGhost/Ghost","Independent technology for modern publishing, memberships, subscriptions and newsletters."
"Nitropage","cms","app-development, low-code, office, content",nitropage.org,nitropage/nitropage,"Nitropage is an extensible, drag-and-drop website builder based on SolidStart, completely free and open source."
"Strapi","cms","app-development, low-code","strapi.io","strapi/strapi","Open source Node.js Headless CMS to easily build customisable APIs."
"Vvveb","cms","app-development, low-code, office, content","vvveb.com","givanse/VvvebJs","Drag and drop website builder."
"Wordpress","cms","low-code, content","wordpress.org","WordPress/WordPress","Web software you can use to create a beautiful website, blog, or app."
"Forgejo","code-repository","app-development, infrastructure, devsecops","forgejo.org","forgejo/forgejo","Self-hosted lightweight software forge, exclusively Free Software."
"Gitea","code-repository","app-development, infrastructure, devsecops","gitea.com","go-gitea/gitea","Gitea - Git with a cup of tea! Painless self-hosted all-in-one software development service, including Git hosting, code review, team collaboration, package registry and CI/CD"
"Gitlab","code-repository","app-development, infrastructure, devsecops","gitlab.com","gitlabhq/gitlabhq","Intelligent orchestration platform designed to help teams ship secure software faster."
"Onedev","code-repository","app-development, infrastructure, devsecops","onedev.io","theonedev/onedev","Super Easy All-In-One DevOps Platform."
"Bento PDF","converter","office, app-development","bentopdf.com","alam00000/bentopdf","Powerful, privacy-first, and open-source PDF toolkit to manipulate, edit, merge, and process PDF files directly within the web browser."
"ConvertX","converter","office",,"C4illin/ConvertX","Self-hosted online file converter designed to convert files between over 1,000 different formats."
"Gotenberg","converter","office, app-development","gotenberg.dev","gotenberg/gotenberg","A Docker-powered stateless API for PDF files."
"Imgcompress","converter","office, app-development","imgcompress.karimzouine.com","karimz1/imgcompress","Imgcompress is a self-hosted image processing toolbox that handles compression, format conversion, and AI background removal in a single web interface. It supports over 70 input formats (including PSD, HEIC, and RAW) and can output common formats or generate PDFs, all without sending files to external services."
"Stirling PDF","converter","office, app-development","stirlingpdf.com","Stirling-Tools/Stirling-PDF","Locally hosted web application that allows you to perform various operations on PDF files."
"Vert","converter","office","vert.sh","VERT-sh/VERT","The next-generation file converter. Open source, fully local* and free forever."
"Handbrake","converter","office","handbrake.fr","HandBrake/HandBrake","Open source video transcoder."
"Espo CRM","crm","helpdesk, office, content","espocrm.com","espocrm/espocrm","Open Source CRM Application to manage sales, leads, contacts, marketing campaigns, and support cases."
"Twenty","crm","office","twenty.com","twentyhq/twenty","Open-Source CRM designed to fit your unique business."
"Metabase","data-analytics","office, team-collaboration","metabase.com","metabase/metabase","The simplest, fastest way to get business intelligence and analytics."
"Open Metadata","data-analytics","documentation","open-metadata.org","open-metadata/OpenMetadata","Open Standard for Metadata."
"Apache Superset","data-analytics","office, team-collaboration","superset.apache.org","apache/superset","Data Visualization and Data Exploration Platform."
"SearXNG","data-analytics","office","searx.space","searxng/searxng","A privacy-respecting, hackable metasearch engine."
"CloudBeaver","data-analytics","infrastructure, app-development","cloudbeaver.io","dbeaver/cloudbeaver","Cloud Database Manager."
"Apache Tika","data-analytics","app-development, content","tika.apache.org","apache/tika","A content analysis toolkit."
"Elasticsearch","database","infrastructure, app-development","elastic.co","elastic/elasticsearch","Distributed, RESTful search and analytics engine."
"Code Server","dev-platform","app-development, infrastructure","coder.com/docs/code-server","coder/code-server","Run Visual Studio Code (VS Code) in the browser on a remote server."
"Hoppscotch","dev-platform","app-development","hoppscotch.io","hoppscotch/hoppscotch","Open source API development ecosystem."
"Libretranslate","dev-platform","app-development","libretranslate.com","LibreTranslate/LibreTranslate","Free and Open Source Machine Translation API."
"Shlink","dev-platform","office, app-development","shlink.io","shlinkio/shlink","The URL shortener."
"Soketi","dev-platform","infrastructure, app-development","soketi.app","soketi/soketi","Fast, resilient, and scalable WebSockets server."
"Tolgee","dev-platform","app-development","tolgee.io","tolgee/tolgee-platform","Open-source localization platform."
"Unleash","dev-platform","app-development","getunleash.io","Unleash/unleash","Open source feature management solution."
"Weblate","dev-platform","app-development","weblate.org","WeblateOrg/weblate","Web-based translation tool with tight version control integration."
"Wakapi","dev-platform","team-collaboration, app-development, office","wakapi.dev","muety/wakapi","A minimalist, self-hosted WakaTime-compatible backend for coding statistics."
"FSCrawler","dev-platform","content, office","fscrawler.readthedocs.io","dadoonet/fscrawler","Elasticsearch File System Crawler."
"Playwright","dev-platform","app-development","playwright.dev","microsoft/playwright","Node.js library to automate Chromium, Firefox and WebKit."
"Documenso","document-signing","app-development, office","documenso.com","documenso/documenso","Sign everywhere with Documenso. Build workflows, create templates, and integrate seamlessly with tools you love—modern, secure, and customizable for any scale."
"Docuseal","document-signing","app-development, office","www.docuseal.com","docusealco/docuseal","Free and Open source tool to streamline document filling and signing. Create custom PDF forms to complete and sign with an easy to use online tool. Automatic digital signature."
"Alexandrie","documentation","office, documentation, app-development","alexandrie-hub.fr","Smaug6739/Alexandrie","Fast, feature-rich Markdown workspace designed for speed, clarity, and collaboration."
"Docmost","documentation","office, team-collaboration, documentation",docmost.com,"docmost/docmost","Open-source collaborative wiki and documentation software. Alternative to Confluence and Notion."
"Outline","documentation","office, team-collaboration, documentation","getoutline.com","outline/outline","The fastest knowledge base for growing teams. Beautiful, feature rich, and markdown compatible."
"Paperless-ngx","documentation","office","docs.paperless-ngx.com","paperless-ngx/paperless-ngx","A community-supported supercharged version of paperless."
"SiYuan","documentation","office","b3log.org/siyuan","siyuan-note/siyuan","A privacy-first, self-hosted, fully open source personal knowledge management software."
"Dolibarr","erp","helpdesk, office, content","dolibarr.org","Dolibarr/dolibarr","Open source ERP and CRM for business."
"ErpNext","erp","helpdesk, office, content","erpnext.com","frappe/erpnext","Open Source ERP built for the web."
"Odoo","erp","helpdesk, office, content","odoo.com","odoo/odoo","Open Source ERP and CRM."
"Arcane","infra-management","devsecops, infrastructure","getarcane.app","getarcaneapp/arcane","Modern Docker Management, Designed for Everyone."
"Portainer","infra-management","devsecops, infrastructure","portainer.io","portainer/portainer","Making Docker and Kubernetes management easy."
"Harbor","infra-management","devsecops, infrastructure","goharbor.io","goharbor/harbor","An open source trusted cloud native registry project."
"Dockhand","infra-management","devsecops, infrastructure","dockhand.pro","Finsys/dockhand","A powerful, intuitive Docker platform for everyone. Real-time container management, Compose stacks, Git deployments, and SSO - all free."
"Web Check","infra-security","infrastructure","web-check.xyz","Lissy93/web-check","Comprehensive on-demand open source intelligence."
"Wazuh","infra-security","infrastructure","wazuh.com","wazuh/wazuh","The Open Source Security Platform."
"ClamAV","infra-security","infrastructure","clamav.net","Cisco-Talos/clamav","Open source antivirus engine for detecting trojans, viruses, malware."
"Mosquitto","iot","app-development","mosquitto.org","eclipse/mosquitto","An open source MQTT broker."
"Traccar","iot","app-development","traccar.org","traccar/traccar","Modern GPS Tracking Platform."
"Zigbee2MQTT","iot","app-development","zigbee2mqtt.io","Koenkk/zigbee2mqtt","Zigbee to MQTT bridge."
"Mailpit","mail-service","app-development, infrastructure, office","mailpit.axllent.org","axllent/mailpit","An email and SMTP testing tool for developers."
"Mailcow","mail-service","infrastructure, office, app-development","mailcow.email","mailcow/mailcow-dockerized","The mailserver suite with the 'moo'."
"Bulwark","mail-service","team-collaboration, office","bulwarkmail.org","bulwarkmail/webmail","JMAP Webmail built for the 21st Century. A modern, self-hosted email client for Stalwart Mail Server powered by the JMAP protocol. Email, calendar, contacts and files. Fast, private, and open source."
"Cloudreve","media-storage","office","cloudreve.org","cloudreve/cloudreve","Self-hosted file management and sharing system that supports multiple storage providers."
"Ente Photos","media-storage","office","ente.io","ente-io/ente","Fully open-source, end-to-end encrypted platform for storing data in the cloud. Alternative to Google Photos."
"Garage","media-storage","office, app-development, infrastructure","garagehq.deuxfleurs.fr","deuxfleurs-org/garage","S3-Compatible Distributed Object Storage designed specifically for self-hosting."
"RustFS","media-storage","office, app-development, infrastructure","rustfs.dev","rustfs/rustfs","High-performance, S3-compatible, distributed object storage system built entirely in Rust."
"FileBrowser","media-storage","office","filebrowser.org","filebrowser/filebrowser","Web File Browser."
"Immich","media-storage","office","immich.app","immich-app/immich","High performance self-hosted photo and video management solution."
"NextCloud","media-storage","office","nextcloud.com","nextcloud/server","Safe home for all your data."
"OwnCloud","media-storage","office","owncloud.com","owncloud/core","Open-source file sync, share and content collaboration."
"Pydio Cells","media-storage","office, app-development, team-collaboration, low-code","pydio.com","pydio/cells","Future-proof enterprise document sharing & collaboration."
"Seafile","media-storage","office","seafile.com","haiwen/seafile","High performance file syncing and sharing."
"SeaweedFS","media-storage","office, app-development, infrastructure","seaweedfs.com","seaweedfs/seaweedfs","A fast distributed storage system for blobs, objects, files, and data lake."
"SFTPGo","media-storage","office, app-development","sftpgo.com","drakkan/sftpgo","Fully featured and highly configurable SFTP server."
"Syncthing","media-storage","infrastructure","syncthing.net","syncthing/syncthing","Open Source Continuous File Synchronization."
"Zipline","media-storage","office","zipline.diced.sh","diced/zipline","A ShareX / file upload server that is easy to use."
"CopyParty","media-storage","office",,"9001/copyparty","Portable file server."
"FileBrowser Quantum","media-storage","office",filebrowserquantum.com,gtsteffaniak/filebrowser,"The best free self-hosted web-based file manager with source configuration, modern authentication, office support, and lightning-fast search."
"SnapOtter","converter","office","snapotter.com","snapotter-hq/snapotter","#1 Swiss army knife for images. Every image tool you'll ever need. Fully offline, 50+ tools, open source. Your images stay yours."
"Newt Pangolin","networking","infrastructure","pangolin.net","fosrl/newt","Pangolin tunneled site & network connector"
"Pi Hole","networking","infrastructure, office","pi-hole.net","pi-hole/pi-hole","A black hole for Internet advertisements."
"Wireguard Easy","networking","infrastructure",,"wg-easy/wg-easy","The easiest way to run WireGuard VPN."
"3proxy","networking","infrastructure","3proxy.org","z3APA3A/3proxy","Tiny free proxy server."
"AdGuard Home","networking","infrastructure, office","adguard.com","AdguardTeam/AdGuardHome","Network-wide ads & trackers blocking DNS server."
"Headscale","networking","infrastructure",,"juanfont/headscale","An open source, self-hosted implementation of the Tailscale control server."
"NetBird","networking","infrastructure","netbird.io","netbirdio/netbird","Open-source VPN platform."
"Termix","networking","infrastructure","termix.site","Termix-SSH/Termix","Self-hosted SSH and remote desktop management."
"Zoraxy","networking","infrastructure, app-development",,"tobychui/zoraxy","A general purpose reverse proxy and forwarding tool."
"RabbitMQ","notification","app-development","rabbitmq.com","rabbitmq/rabbitmq-server","Open source message broker."
"Apprise","notifications","infrastructure, app-development","appriseit.com","caronc/apprise","Push Notifications that work with just about every platform!"
"Gotify","notifications","app-development","gotify.net","gotify/server","A simple server for sending and receiving messages in real-time per WebSocket."
"GOWA","notifications","app-development, helpdesk",,"aldinokemal/go-whatsapp-web-multidevice","Go WhatsApp Web Multi-Device REST API."
"Listmonk","notifications","helpdesk, app-development, content","listmonk.app","knadh/listmonk","High performance, self-hosted, newsletter and mailing list manager."
"Stalwart","mail-service","app-development, infrastructure, office","stalwartlabs.net","stalwartlabs/mail-server","Secure & modern all-in-one mail server."
"Mixpost","notifications","office, content, helpdesk","mixpost.app","inovector/mixpost","Self-hosted social media management software."
"Postiz","notifications","office, content, helpdesk","postiz.com","postiz/postiz","The ultimate open-source social media scheduling tool."
"UseSend","mailservice","app-development, infrastructure, office","usesend.com","usesend/usesend","Open source alternative to Resend, Sendgrid, Postmark etc."
"Meilisearch","search-engine","app-development","meilisearch.com","meilisearch/meilisearch","A lightning-fast search engine."
"Grafana","server-monitoring","infrastructure","grafana.com","grafana/grafana","The open and composable observability and data visualization platform."
"Uptime Kuma","server-monitoring","infrastructure","uptime.kuma.pet","louislam/uptime-kuma","A fancy self-hosted monitoring tool."
"OpenObserve","server-monitoring","infrastructure","openobserve.ai","openobserve/openobserve","Cloud-native observability platform built specifically for logs, metrics, traces and analytics."
"Signoz","server-monitoring","infrastructure","signoz.io","SigNoz/signoz","Open source observability platform."
"Beszel","server-monitoring","infrastructure","beszel.dev","henrygd/beszel","Lightweight server resource monitoring hub."
"Gatus","server-monitoring","infrastructure","gatus.io","TwinProduction/gatus","Automated developer-driven health dashboard."
"NetData","server-monitoring","infrastructure","netdata.cloud","netdata/netdata","High-fidelity infrastructure monitoring and troubleshooting."
"Zabbix","server-monitoring","infrastructure","zabbix.com","zabbix/zabbix","Real-time monitoring of IT components and services."
"Formbricks","survey","helpdesk, office","formbricks.com","formbricks/formbricks","Open Source Qualtrics Alternative. Gather feedback at every point in the user journey."
"Heyform","survey","helpdesk, office","heyform.net","heyform/heyform","Open-source form builder."
"Limesurvey","survey","helpdesk, office","limesurvey.org","LimeSurvey/LimeSurvey","The most popular Free Open Source Software surveying tool."
"OpnForm","survey","helpdesk, office","opnform.com","JhumanJ/OpnForm","Open-source form builder."
"Freescout","ticketing","helpdesk, office","freescout.net","freescout-helpdesk/freescout","Super lightweight and powerful free open source help desk and shared inbox."
"OsTicket","ticketing","helpdesk, office","osticket.com","osTicket/osTicket","Open Source Support Ticketing System."
"Redmine","workspace","office, documentation, app-development","redmine.org","redmine/redmine","A flexible project management web application."
"Rybbit","web-analytics","app-development, office","rybbit.com","rybbit-io/rybbit","Next-gen, open source, lightweight, cookieless web & product analytics for everyone — GDPR/CCPA compliant."
"Swetrix","web-analytics","infrastructure","swetrix.com","Swetrix/swetrix-api","Privacy-focused, fully cookieless and open source web analytics."
"Umami","web-analytics","infrastructure,app-development","umami.is","umami-software/umami","Umami is a simple, fast, privacy-focused alternative to Google Analytics."
"Activepieces","workflow-automation","infrastructure, office, low-code","activepieces.com","activepieces/activepieces","Open-source, all-in-one workflow automation platform designed to connect applications and automate processes using AI capabilities."
"Budibase","workflow-automation","app-development, office, low-code","budibase.com","Budibase/budibase","AI agents, automations and apps that run your operations. Model agnostic."
"n8n","workflow-automation","low-code","n8n.io","n8n-io/n8n","Free and open fair-code licensed node based Workflow Automation Tool."
"Trigger Dev","workflow-automation","app-development","trigger.dev","triggerdotdev/trigger.dev","Open source background jobs framework for Next.js."
"Windmill","workflow-automation","low-code","windmill.dev","windmill-labs/windmill","Open-source developer platform for scripts, workflows and UIs."
"NodeRed","workflow-automation","low-code","nodered.org","node-red/node-red","Low-code programming for event-driven applications."
"Affine","workspace","office, documentation, app-development","affine.pro","toeverything/AFFiNE","Open-source, all-in-one workspace and next-generation knowledge base, privacy-first alternative to Notion."
"Fizzy","workspace","office, team-collaboration","fizzy.do","basecamp/fizzy","Kanban as it should be. Not as it has been."
"Easy! Appointment","workspace","office, helpdesk","easyappointments.org","alextselegidis/easyappointments","Highly customizable web application that allows customers to book appointments."
"Excalidraw","workspace","team-collaboration","excalidraw.com","excalidraw/excalidraw","Virtual whiteboard for sketching hand-drawn like diagrams."
"Jitsi","workspace","team-collaboration, office","jitsi.org","jitsi/jitsi-meet","Secure, Simple and Scalable Video Conferences."
"Collabora Online","workspace","team-collaboration, office","collaboraoffice.com","CollaboraOnline/online","Powerful LibreOffice-based online office suite."
"Mattermost","workspace","team-collaboration, office","mattermost.com","mattermost/mattermost","Open source platform for secure collaboration."
"Matrix Synapse","workspace","team-collaboration, office","matrix.org","matrix-org/synapse","Matrix reference homeserver."
"Moodle","workspace","office, content","moodle.org","moodle/moodle","Open-source learning management system."
"Privatebin","app-security","office, infrastructure, team-collaboration, documentation","privatebin.info","PrivateBin/PrivateBin","A minimalist, open source online pastebin."
"NodeBB","workspace","office, team-collaboration, content","nodebb.org","NodeBB/NodeBB","Node.js based forum software built for the modern web."
"SnipeIT","workspace","office, team-collaboration","snipeitapp.com","snipe/snipe-it","A free open source IT asset/license management system."
"OrangeHRM","workspace","office, team-collaboration","orangehrm.com","orangehrm/orangehrm","Open Source Human Resource Management."
"Penpot","workspace","team-collaboration, app-development","penpot.app","penpot/penpot","The Open-Source design & prototyping platform."
"Sessy","mail-service","app-development","sessy.do","marckohlbrugge/sessy","Open-source email observability for AWS SES. Track deliveries, bounces, opens, clicks, and complaints in a self-hosted dashboard you own."
"Chatwoot","workspace","helpdesk, content","chatwoot.com","chatwoot/chatwoot","Open-source customer engagement suite."
"Element","workspace","office, team-collaboration","element.io","element-hq/element-web","A glossy Matrix collaboration client."
"Ondsel","workspace","team-collaboration, app-development","ondsel.com","Ondsel-Development/FreeCAD","Engineering design software."
"TeamSpeak","workspace","team-collaboration","teamspeak.com",,"TeamSpeak Client."